Fechas;Unidad de Valor Adquisitivo (UVA) - en pesos - base 31.3.2016=14.05;
;7913;
3/31/2016;14.05000000000;
4/1/2016;14.05000000000;
4/2/2016;14.06000000000;
4/3/2016;14.06000000000;
4/4/2016;14.06000000000;
4/5/2016;14.10000000000;
4/6/2016;14.11000000000;
4/7/2016;14.12000000000;
4/8/2016;14.14000000000;
4/9/2016;14.15000000000;
4/10/2016;14.15000000000;
4/11/2016;14.15000000000;
4/12/2016;14.18000000000;
4/13/2016;14.20000000000;
4/14/2016;14.21000000000;
4/15/2016;14.22000000000;
4/16/2016;14.23000000000;
4/17/2016;14.23000000000;
4/18/2016;14.23000000000;
4/19/2016;14.27000000000;
4/20/2016;14.28000000000;
4/21/2016;14.29000000000;
4/22/2016;14.31000000000;
4/23/2016;14.32000000000;
4/24/2016;14.32000000000;
4/25/2016;14.32000000000;
4/26/2016;14.36000000000;
4/27/2016;14.37000000000;
4/28/2016;14.38000000000;
4/29/2016;14.40000000000;
4/30/2016;14.41000000000;
5/1/2016;14.41000000000;
5/2/2016;14.41000000000;
5/3/2016;14.46000000000;
5/4/2016;14.47000000000;
5/5/2016;14.48000000000;
5/6/2016;14.50000000000;
5/7/2016;14.51000000000;
5/8/2016;14.51000000000;
5/9/2016;14.51000000000;
5/10/2016;14.55000000000;
5/11/2016;14.57000000000;
5/12/2016;14.58000000000;
5/13/2016;14.60000000000;
5/14/2016;14.61000000000;
5/15/2016;14.61000000000;
5/16/2016;14.61000000000;
5/17/2016;14.65000000000;
5/18/2016;14.67000000000;
5/19/2016;14.68000000000;
5/20/2016;14.70000000000;
5/21/2016;14.71000000000;
5/22/2016;14.71000000000;
5/23/2016;14.71000000000;
5/24/2016;14.75000000000;
5/25/2016;14.77000000000;
5/26/2016;14.77000000000;
5/27/2016;14.80000000000;
5/28/2016;14.82000000000;
5/29/2016;14.82000000000;
5/30/2016;14.82000000000;
5/31/2016;14.86000000000;
6/1/2016;14.88000000000;
6/2/2016;14.90000000000;
6/3/2016;14.91000000000;
6/4/2016;14.93000000000;
6/5/2016;14.93000000000;
6/6/2016;14.93000000000;
6/7/2016;14.98000000000;
6/8/2016;14.99000000000;
6/9/2016;15.01000000000;
6/10/2016;15.02000000000;
6/11/2016;15.04000000000;
6/12/2016;15.04000000000;
6/13/2016;15.04000000000;
6/14/2016;15.09000000000;
6/15/2016;15.11000000000;
6/16/2016;15.12000000000;
6/17/2016;15.14000000000;
6/18/2016;15.14000000000;
6/19/2016;15.14000000000;
6/20/2016;15.14000000000;
6/21/2016;15.14000000000;
6/22/2016;15.22000000000;
6/23/2016;15.24000000000;
6/24/2016;15.25000000000;
6/25/2016;15.27000000000;
6/26/2016;15.27000000000;
6/27/2016;15.27000000000;
6/28/2016;15.33000000000;
6/29/2016;15.35000000000;
6/30/2016;15.37000000000;
7/1/2016;15.39000000000;
7/2/2016;15.41000000000;
7/3/2016;15.41000000000;
7/4/2016;15.41000000000;
7/5/2016;15.48000000000;
7/6/2016;15.50000000000;
7/7/2016;15.52000000000;
7/8/2016;15.54000000000;
7/9/2016;15.54000000000;
7/10/2016;15.54000000000;
7/11/2016;15.54000000000;
7/12/2016;15.62000000000;
7/13/2016;15.65000000000;
7/14/2016;15.67000000000;
7/15/2016;15.69000000000;
7/16/2016;15.71000000000;
7/17/2016;15.71000000000;
7/18/2016;15.71000000000;
7/19/2016;15.76000000000;
7/20/2016;15.77000000000;
7/21/2016;15.79000000000;
7/22/2016;15.80000000000;
7/23/2016;15.82000000000;
7/24/2016;15.82000000000;
7/25/2016;15.82000000000;
7/26/2016;15.86000000000;
7/27/2016;15.88000000000;
7/28/2016;15.90000000000;
7/29/2016;15.91000000000;
7/30/2016;15.93000000000;
7/31/2016;15.93000000000;
8/1/2016;15.93000000000;
8/2/2016;15.97000000000;
8/3/2016;15.99000000000;
8/4/2016;16.00000000000;
8/5/2016;16.02000000000;
8/6/2016;16.04000000000;
8/7/2016;16.04000000000;
8/8/2016;16.04000000000;
8/9/2016;16.08000000000;
8/10/2016;16.10000000000;
8/11/2016;16.11000000000;
8/12/2016;16.13000000000;
8/13/2016;16.15000000000;
8/14/2016;16.15000000000;
8/15/2016;16.15000000000;
8/16/2016;16.15000000000;
8/17/2016;16.20000000000;
8/18/2016;16.21000000000;
8/19/2016;16.22000000000;
8/20/2016;16.23000000000;
8/21/2016;16.23000000000;
8/22/2016;16.23000000000;
8/23/2016;16.26000000000;
8/24/2016;16.27000000000;
8/25/2016;16.28000000000;
8/26/2016;16.29000000000;
8/27/2016;16.30000000000;
8/28/2016;16.30000000000;
8/29/2016;16.30000000000;
8/30/2016;16.34000000000;
8/31/2016;16.35000000000;
9/1/2016;16.36000000000;
9/2/2016;16.37000000000;
9/3/2016;16.38000000000;
9/4/2016;16.38000000000;
9/5/2016;16.38000000000;
9/6/2016;16.41000000000;
9/7/2016;16.42000000000;
9/8/2016;16.43000000000;
9/9/2016;16.44000000000;
9/10/2016;16.45000000000;
9/11/2016;16.45000000000;
9/12/2016;16.45000000000;
9/13/2016;16.48000000000;
9/14/2016;16.49000000000;
9/15/2016;16.50000000000;
9/16/2016;16.51000000000;
9/17/2016;16.51000000000;
9/18/2016;16.51000000000;
9/19/2016;16.51000000000;
9/20/2016;16.51000000000;
9/21/2016;16.51000000000;
9/22/2016;16.52000000000;
9/23/2016;16.52000000000;
9/24/2016;16.52000000000;
9/25/2016;16.52000000000;
9/26/2016;16.52000000000;
9/27/2016;16.52000000000;
9/28/2016;16.52000000000;
9/29/2016;16.52000000000;
9/30/2016;16.52000000000;
10/1/2016;16.52000000000;
10/2/2016;16.52000000000;
10/3/2016;16.52000000000;
10/4/2016;16.53000000000;
10/5/2016;16.53000000000;
10/6/2016;16.53000000000;
10/7/2016;16.53000000000;
10/8/2016;16.53000000000;
10/9/2016;16.53000000000;
10/10/2016;16.53000000000;
10/11/2016;16.53000000000;
10/12/2016;16.54000000000;
10/13/2016;16.54000000000;
10/14/2016;16.54000000000;
10/15/2016;16.54000000000;
10/16/2016;16.54000000000;
10/17/2016;16.54000000000;
10/18/2016;16.55000000000;
10/19/2016;16.56000000000;
10/20/2016;16.56000000000;
10/21/2016;16.57000000000;
10/22/2016;16.57000000000;
10/23/2016;16.57000000000;
10/24/2016;16.57000000000;
10/25/2016;16.59000000000;
10/26/2016;16.60000000000;
10/27/2016;16.60000000000;
10/28/2016;16.61000000000;
10/29/2016;16.62000000000;
10/30/2016;16.62000000000;
10/31/2016;16.62000000000;
11/1/2016;16.63000000000;
11/2/2016;16.64000000000;
11/3/2016;16.64000000000;
11/4/2016;16.65000000000;
11/5/2016;16.66000000000;
11/6/2016;16.66000000000;
11/7/2016;16.66000000000;
11/8/2016;16.67000000000;
11/9/2016;16.68000000000;
11/10/2016;16.69000000000;
11/11/2016;16.69000000000;
11/12/2016;16.70000000000;
11/13/2016;16.70000000000;
11/14/2016;16.70000000000;
11/15/2016;16.72000000000;
11/16/2016;16.72000000000;
11/17/2016;16.73000000000;
11/18/2016;16.75000000000;
11/19/2016;16.76000000000;
11/20/2016;16.76000000000;
11/21/2016;16.76000000000;
11/22/2016;16.80000000000;
11/23/2016;16.82000000000;
11/24/2016;16.83000000000;
11/25/2016;16.84000000000;
11/26/2016;16.86000000000;
11/27/2016;16.86000000000;
11/28/2016;16.86000000000;
11/29/2016;16.86000000000;
11/30/2016;16.91000000000;
12/1/2016;16.92000000000;
12/2/2016;16.94000000000;
12/3/2016;16.95000000000;
12/4/2016;16.95000000000;
12/5/2016;16.95000000000;
12/6/2016;16.99000000000;
12/7/2016;17.00000000000;
12/8/2016;17.02000000000;
12/9/2016;17.02000000000;
12/10/2016;17.02000000000;
12/11/2016;17.02000000000;
12/12/2016;17.02000000000;
12/13/2016;17.09000000000;
12/14/2016;17.10000000000;
12/15/2016;17.11000000000;
12/16/2016;17.13000000000;
12/17/2016;17.14000000000;
12/18/2016;17.14000000000;
12/19/2016;17.14000000000;
12/20/2016;17.16000000000;
12/21/2016;17.17000000000;
12/22/2016;17.18000000000;
12/23/2016;17.19000000000;
12/24/2016;17.20000000000;
12/25/2016;17.20000000000;
12/26/2016;17.20000000000;
12/27/2016;17.22000000000;
12/28/2016;17.23000000000;
12/29/2016;17.24000000000;
12/30/2016;17.25000000000;
12/31/2016;17.26000000000;
1/1/2017;17.26000000000;
1/2/2017;17.26000000000;
1/3/2017;17.29000000000;
1/4/2017;17.29000000000;
1/5/2017;17.30000000000;
1/6/2017;17.31000000000;
1/7/2017;17.32000000000;
1/8/2017;17.32000000000;
1/9/2017;17.32000000000;
1/10/2017;17.35000000000;
1/11/2017;17.36000000000;
1/12/2017;17.36000000000;
1/13/2017;17.37000000000;
1/14/2017;17.38000000000;
1/15/2017;17.38000000000;
1/16/2017;17.38000000000;
1/17/2017;17.41000000000;
1/18/2017;17.41000000000;
1/19/2017;17.42000000000;
1/20/2017;17.43000000000;
1/21/2017;17.43000000000;
1/22/2017;17.43000000000;
1/23/2017;17.43000000000;
1/24/2017;17.45000000000;
1/25/2017;17.46000000000;
1/26/2017;17.47000000000;
1/27/2017;17.47000000000;
1/28/2017;17.48000000000;
1/29/2017;17.48000000000;
1/30/2017;17.48000000000;
1/31/2017;17.50000000000;
2/1/2017;17.51000000000;
2/2/2017;17.51000000000;
2/3/2017;17.52000000000;
2/4/2017;17.53000000000;
2/5/2017;17.53000000000;
2/6/2017;17.53000000000;
2/7/2017;17.55000000000;
2/8/2017;17.56000000000;
2/9/2017;17.56000000000;
2/10/2017;17.57000000000;
2/11/2017;17.58000000000;
2/12/2017;17.58000000000;
2/13/2017;17.58000000000;
2/14/2017;17.60000000000;
2/15/2017;17.60000000000;
2/16/2017;17.61000000000;
2/17/2017;17.62000000000;
2/18/2017;17.63000000000;
2/19/2017;17.63000000000;
2/20/2017;17.63000000000;
2/21/2017;17.65000000000;
2/22/2017;17.66000000000;
2/23/2017;17.67000000000;
2/24/2017;17.67000000000;
2/25/2017;17.68000000000;
2/26/2017;17.68000000000;
2/27/2017;17.68000000000;
2/28/2017;17.68000000000;
3/1/2017;17.68000000000;
3/2/2017;17.72000000000;
3/3/2017;17.73000000000;
3/4/2017;17.74000000000;
3/5/2017;17.74000000000;
3/6/2017;17.74000000000;
3/7/2017;17.76000000000;
3/8/2017;17.77000000000;
3/9/2017;17.78000000000;
3/10/2017;17.79000000000;
3/11/2017;17.80000000000;
3/12/2017;17.80000000000;
3/13/2017;17.80000000000;
3/14/2017;17.82000000000;
3/15/2017;17.83000000000;
3/16/2017;17.84000000000;
3/17/2017;17.85000000000;
3/18/2017;17.87000000000;
3/19/2017;17.87000000000;
3/20/2017;17.87000000000;
3/21/2017;17.91000000000;
3/22/2017;17.92000000000;
3/23/2017;17.94000000000;
3/24/2017;17.95000000000;
3/25/2017;17.95000000000;
3/26/2017;17.95000000000;
3/27/2017;17.95000000000;
3/28/2017;18.01000000000;
3/29/2017;18.02000000000;
3/30/2017;18.04000000000;
3/31/2017;18.05000000000;
4/1/2017;18.07000000000;
4/2/2017;18.07000000000;
4/3/2017;18.07000000000;
4/4/2017;18.11000000000;
4/5/2017;18.13000000000;
4/6/2017;18.14000000000;
4/7/2017;18.16000000000;
4/8/2017;18.17000000000;
4/9/2017;18.17000000000;
4/10/2017;18.17000000000;
4/11/2017;18.22000000000;
4/12/2017;18.23000000000;
4/13/2017;18.24000000000;
4/14/2017;18.24000000000;
4/15/2017;18.24000000000;
4/16/2017;18.24000000000;
4/17/2017;18.24000000000;
4/18/2017;18.32000000000;
4/19/2017;18.33000000000;
4/20/2017;18.35000000000;
4/21/2017;18.36000000000;
4/22/2017;18.38000000000;
4/23/2017;18.38000000000;
4/24/2017;18.38000000000;
4/25/2017;18.42000000000;
4/26/2017;18.43000000000;
4/27/2017;18.45000000000;
4/28/2017;18.46000000000;
4/29/2017;18.48000000000;
4/30/2017;18.48000000000;
5/1/2017;18.48000000000;
5/2/2017;18.48000000000;
5/3/2017;18.54000000000;
5/4/2017;18.55000000000;
5/5/2017;18.56000000000;
5/6/2017;18.58000000000;
5/7/2017;18.58000000000;
5/8/2017;18.58000000000;
5/9/2017;18.62000000000;
5/10/2017;18.64000000000;
5/11/2017;18.65000000000;
5/12/2017;18.67000000000;
5/13/2017;18.68000000000;
5/14/2017;18.68000000000;
5/15/2017;18.68000000000;
5/16/2017;18.73000000000;
5/17/2017;18.74000000000;
5/18/2017;18.76000000000;
5/19/2017;18.77000000000;
5/20/2017;18.79000000000;
5/21/2017;18.79000000000;
5/22/2017;18.79000000000;
5/23/2017;18.83000000000;
5/24/2017;18.85000000000;
5/25/2017;18.87000000000;
5/26/2017;18.87000000000;
5/27/2017;18.90000000000;
5/28/2017;18.90000000000;
5/29/2017;18.90000000000;
5/30/2017;18.94000000000;
5/31/2017;18.96000000000;
6/1/2017;18.97000000000;
6/2/2017;18.99000000000;
6/3/2017;19.00000000000;
6/4/2017;19.00000000000;
6/5/2017;19.00000000000;
6/6/2017;19.05000000000;
6/7/2017;19.07000000000;
6/8/2017;19.08000000000;
6/9/2017;19.10000000000;
6/10/2017;19.11000000000;
6/11/2017;19.11000000000;
6/12/2017;19.11000000000;
6/13/2017;19.16000000000;
6/14/2017;19.18000000000;
6/15/2017;19.19000000000;
6/16/2017;19.21000000000;
6/17/2017;19.22000000000;
6/18/2017;19.22000000000;
6/19/2017;19.22000000000;
6/20/2017;19.24000000000;
6/21/2017;19.24000000000;
6/22/2017;19.26000000000;
6/23/2017;19.27000000000;
6/24/2017;19.28000000000;
6/25/2017;19.28000000000;
6/26/2017;19.28000000000;
6/27/2017;19.30000000000;
6/28/2017;19.31000000000;
6/29/2017;19.32000000000;
6/30/2017;19.33000000000;
7/1/2017;19.34000000000;
7/2/2017;19.34000000000;
7/3/2017;19.34000000000;
7/4/2017;19.36000000000;
7/5/2017;19.37000000000;
7/6/2017;19.38000000000;
7/7/2017;19.39000000000;
7/8/2017;19.40000000000;
7/9/2017;19.40000000000;
7/10/2017;19.40000000000;
7/11/2017;19.42000000000;
7/12/2017;19.43000000000;
7/13/2017;19.44000000000;
7/14/2017;19.45000000000;
7/15/2017;19.46000000000;
7/16/2017;19.46000000000;
7/17/2017;19.46000000000;
7/18/2017;19.48000000000;
7/19/2017;19.49000000000;
7/20/2017;19.49000000000;
7/21/2017;19.50000000000;
7/22/2017;19.51000000000;
7/23/2017;19.51000000000;
7/24/2017;19.51000000000;
7/25/2017;19.53000000000;
7/26/2017;19.54000000000;
7/27/2017;19.55000000000;
7/28/2017;19.55000000000;
7/29/2017;19.56000000000;
7/30/2017;19.56000000000;
7/31/2017;19.56000000000;
8/1/2017;19.58000000000;
8/2/2017;19.59000000000;
8/3/2017;19.60000000000;
8/4/2017;19.60000000000;
8/5/2017;19.61000000000;
8/6/2017;19.61000000000;
8/7/2017;19.61000000000;
8/8/2017;19.63000000000;
8/9/2017;19.64000000000;
8/10/2017;19.65000000000;
8/11/2017;19.65000000000;
8/12/2017;19.66000000000;
8/13/2017;19.66000000000;
8/14/2017;19.66000000000;
8/15/2017;19.68000000000;
8/16/2017;19.69000000000;
8/17/2017;19.70000000000;
8/18/2017;19.71000000000;
8/19/2017;19.72000000000;
8/20/2017;19.72000000000;
8/21/2017;19.72000000000;
8/22/2017;19.72000000000;
8/23/2017;19.77000000000;
8/24/2017;19.78000000000;
8/25/2017;19.79000000000;
8/26/2017;19.80000000000;
8/27/2017;19.80000000000;
8/28/2017;19.80000000000;
8/29/2017;19.83000000000;
8/30/2017;19.84000000000;
8/31/2017;19.85000000000;
9/1/2017;19.86000000000;
9/2/2017;19.87000000000;
9/3/2017;19.87000000000;
9/4/2017;19.87000000000;
9/5/2017;19.90000000000;
9/6/2017;19.92000000000;
9/7/2017;19.93000000000;
9/8/2017;19.94000000000;
9/9/2017;19.95000000000;
9/10/2017;19.95000000000;
9/11/2017;19.95000000000;
9/12/2017;19.98000000000;
9/13/2017;19.99000000000;
9/14/2017;20.00000000000;
9/15/2017;20.01000000000;
9/16/2017;20.02000000000;
9/17/2017;20.02000000000;
9/18/2017;20.02000000000;
9/19/2017;20.05000000000;
9/20/2017;20.06000000000;
9/21/2017;20.07000000000;
9/22/2017;20.08000000000;
9/23/2017;20.09000000000;
9/24/2017;20.09000000000;
9/25/2017;20.09000000000;
9/26/2017;20.12000000000;
9/27/2017;20.13000000000;
9/28/2017;20.14000000000;
9/29/2017;20.15000000000;
9/30/2017;20.16000000000;
10/1/2017;20.16000000000;
10/2/2017;20.16000000000;
10/3/2017;20.18000000000;
10/4/2017;20.19000000000;
10/5/2017;20.20000000000;
10/6/2017;20.21000000000;
10/7/2017;20.22000000000;
10/8/2017;20.22000000000;
10/9/2017;20.22000000000;
10/10/2017;20.22000000000;
10/11/2017;20.26000000000;
10/12/2017;20.27000000000;
10/13/2017;20.28000000000;
10/14/2017;20.29000000000;
10/15/2017;20.29000000000;
10/16/2017;20.29000000000;
10/17/2017;20.32000000000;
10/18/2017;20.33000000000;
10/19/2017;20.35000000000;
10/20/2017;20.36000000000;
10/21/2017;20.37000000000;
10/22/2017;20.37000000000;
10/23/2017;20.37000000000;
10/24/2017;20.41000000000;
10/25/2017;20.42000000000;
10/26/2017;20.44000000000;
10/27/2017;20.45000000000;
10/28/2017;20.46000000000;
10/29/2017;20.46000000000;
10/30/2017;20.46000000000;
10/31/2017;20.50000000000;
11/1/2017;20.51000000000;
11/2/2017;20.52000000000;
11/3/2017;20.54000000000;
11/4/2017;20.55000000000;
11/5/2017;20.55000000000;
11/6/2017;20.55000000000;
11/7/2017;20.55000000000;
11/8/2017;20.60000000000;
11/9/2017;20.61000000000;
11/10/2017;20.62000000000;
11/11/2017;20.64000000000;
11/12/2017;20.64000000000;
11/13/2017;20.64000000000;
11/14/2017;20.68000000000;
11/15/2017;20.69000000000;
11/16/2017;20.70000000000;
11/17/2017;20.71000000000;
11/18/2017;20.72000000000;
11/19/2017;20.72000000000;
11/20/2017;20.72000000000;
11/21/2017;20.72000000000;
11/22/2017;20.76000000000;
11/23/2017;20.77000000000;
11/24/2017;20.79000000000;
11/25/2017;20.80000000000;
11/26/2017;20.80000000000;
11/27/2017;20.80000000000;
11/28/2017;20.83000000000;
11/29/2017;20.84000000000;
11/30/2017;20.85000000000;
12/1/2017;20.86000000000;
12/2/2017;20.87000000000;
12/3/2017;20.87000000000;
12/4/2017;20.87000000000;
12/5/2017;20.90000000000;
12/6/2017;20.91000000000;
12/7/2017;20.92000000000;
12/8/2017;20.93000000000;
12/9/2017;20.93000000000;
12/10/2017;20.93000000000;
12/11/2017;20.93000000000;
12/12/2017;20.98000000000;
12/13/2017;20.99000000000;
12/14/2017;21.00000000000;
12/15/2017;21.01000000000;
12/16/2017;21.02000000000;
12/17/2017;21.02000000000;
12/18/2017;21.02000000000;
12/19/2017;21.05000000000;
12/20/2017;21.06000000000;
12/21/2017;21.07000000000;
12/22/2017;21.08000000000;
12/23/2017;21.09000000000;
12/24/2017;21.09000000000;
12/25/2017;21.09000000000;
12/26/2017;21.09000000000;
12/27/2017;21.12000000000;
12/28/2017;21.13000000000;
12/29/2017;21.14000000000;
12/30/2017;21.15000000000;
12/31/2017;21.15000000000;
1/1/2018;21.15000000000;
1/2/2018;21.15000000000;
1/3/2018;21.19000000000;
1/4/2018;21.20000000000;
1/5/2018;21.21000000000;
1/6/2018;21.22000000000;
1/7/2018;21.22000000000;
1/8/2018;21.22000000000;
1/9/2018;21.25000000000;
1/10/2018;21.26000000000;
1/11/2018;21.27000000000;
1/12/2018;21.28000000000;
1/13/2018;21.29000000000;
1/14/2018;21.29000000000;
1/15/2018;21.29000000000;
1/16/2018;21.32000000000;
1/17/2018;21.34000000000;
1/18/2018;21.36000000000;
1/19/2018;21.38000000000;
1/20/2018;21.40000000000;
1/21/2018;21.40000000000;
1/22/2018;21.40000000000;
1/23/2018;21.47000000000;
1/24/2018;21.49000000000;
1/25/2018;21.51000000000;
1/26/2018;21.53000000000;
1/27/2018;21.55000000000;
1/28/2018;21.55000000000;
1/29/2018;21.55000000000;
1/30/2018;21.62000000000;
1/31/2018;21.64000000000;
2/1/2018;21.66000000000;
2/2/2018;21.68000000000;
2/3/2018;21.70000000000;
2/4/2018;21.70000000000;
2/5/2018;21.70000000000;
2/6/2018;21.77000000000;
2/7/2018;21.79000000000;
2/8/2018;21.81000000000;
2/9/2018;21.83000000000;
2/10/2018;21.85000000000;
2/11/2018;21.85000000000;
2/12/2018;21.85000000000;
2/13/2018;21.85000000000;
2/14/2018;21.85000000000;
2/15/2018;21.96000000000;
2/16/2018;21.98000000000;
2/17/2018;21.99000000000;
2/18/2018;21.99000000000;
2/19/2018;21.99000000000;
2/20/2018;22.04000000000;
2/21/2018;22.05000000000;
2/22/2018;22.07000000000;
2/23/2018;22.08000000000;
2/24/2018;22.09000000000;
2/25/2018;22.09000000000;
2/26/2018;22.09000000000;
2/27/2018;22.14000000000;
2/28/2018;22.15000000000;
3/1/2018;22.17000000000;
3/2/2018;22.18000000000;
3/3/2018;22.20000000000;
3/4/2018;22.20000000000;
3/5/2018;22.20000000000;
3/6/2018;22.24000000000;
3/7/2018;22.25000000000;
3/8/2018;22.27000000000;
3/9/2018;22.28000000000;
3/10/2018;22.30000000000;
3/11/2018;22.30000000000;
3/12/2018;22.30000000000;
3/13/2018;22.34000000000;
3/14/2018;22.35000000000;
3/15/2018;22.37000000000;
3/16/2018;22.38000000000;
3/17/2018;22.40000000000;
3/18/2018;22.40000000000;
3/19/2018;22.40000000000;
3/20/2018;22.45000000000;
3/21/2018;22.47000000000;
3/22/2018;22.49000000000;
3/23/2018;22.50000000000;
3/24/2018;22.52000000000;
3/25/2018;22.52000000000;
3/26/2018;22.52000000000;
3/27/2018;22.57000000000;
3/28/2018;22.59000000000;
3/29/2018;22.61000000000;
3/30/2018;22.61000000000;
3/31/2018;22.61000000000;
4/1/2018;22.61000000000;
4/2/2018;22.61000000000;
4/3/2018;22.61000000000;
4/4/2018;22.71000000000;
4/5/2018;22.73000000000;
4/6/2018;22.75000000000;
4/7/2018;22.76000000000;
4/8/2018;22.76000000000;
4/9/2018;22.76000000000;
4/10/2018;22.81000000000;
4/11/2018;22.83000000000;
4/12/2018;22.85000000000;
4/13/2018;22.87000000000;
4/14/2018;22.88000000000;
4/15/2018;22.88000000000;
4/16/2018;22.88000000000;
4/17/2018;22.94000000000;
4/18/2018;22.95000000000;
4/19/2018;22.97000000000;
4/20/2018;22.99000000000;
4/21/2018;23.01000000000;
4/22/2018;23.01000000000;
4/23/2018;23.01000000000;
4/24/2018;23.06000000000;
4/25/2018;23.08000000000;
4/26/2018;23.09000000000;
4/27/2018;23.11000000000;
4/28/2018;23.13000000000;
4/29/2018;23.13000000000;
4/30/2018;23.13000000000;
5/1/2018;23.13000000000;
5/2/2018;23.13000000000;
5/3/2018;23.22000000000;
5/4/2018;23.23000000000;
5/5/2018;23.25000000000;
5/6/2018;23.25000000000;
5/7/2018;23.25000000000;
5/8/2018;23.31000000000;
5/9/2018;23.32000000000;
5/10/2018;23.34000000000;
5/11/2018;23.36000000000;
5/12/2018;23.38000000000;
5/13/2018;23.38000000000;
5/14/2018;23.38000000000;
5/15/2018;23.43000000000;
5/16/2018;23.45000000000;
5/17/2018;23.47000000000;
5/18/2018;23.49000000000;
5/19/2018;23.51000000000;
5/20/2018;23.51000000000;
5/21/2018;23.51000000000;
5/22/2018;23.57000000000;
5/23/2018;23.59000000000;
5/24/2018;23.61000000000;
5/25/2018;23.63000000000;
5/26/2018;23.63000000000;
5/27/2018;23.63000000000;
5/28/2018;23.63000000000;
5/29/2018;23.71000000000;
5/30/2018;23.73000000000;
5/31/2018;23.75000000000;
6/1/2018;23.77000000000;
6/2/2018;23.79000000000;
6/3/2018;23.79000000000;
6/4/2018;23.79000000000;
6/5/2018;23.85000000000;
6/6/2018;23.87000000000;
6/7/2018;23.89000000000;
6/8/2018;23.92000000000;
6/9/2018;23.94000000000;
6/10/2018;23.94000000000;
6/11/2018;23.94000000000;
6/12/2018;24.00000000000;
6/13/2018;24.02000000000;
6/14/2018;24.04000000000;
6/15/2018;24.06000000000;
6/16/2018;24.08000000000;
6/17/2018;24.08000000000;
6/18/2018;24.08000000000;
6/19/2018;24.13000000000;
6/20/2018;24.15000000000;
6/21/2018;24.15000000000;
6/22/2018;24.18000000000;
6/23/2018;24.20000000000;
6/24/2018;24.20000000000;
6/25/2018;24.20000000000;
6/26/2018;24.25000000000;
6/27/2018;24.26000000000;
6/28/2018;24.28000000000;
6/29/2018;24.30000000000;
6/30/2018;24.31000000000;
7/1/2018;24.31000000000;
7/2/2018;24.31000000000;
7/3/2018;24.37000000000;
7/4/2018;24.38000000000;
7/5/2018;24.40000000000;
7/6/2018;24.42000000000;
7/7/2018;24.43000000000;
7/8/2018;24.43000000000;
7/9/2018;24.43000000000;
7/10/2018;24.43000000000;
7/11/2018;24.50000000000;
7/12/2018;24.52000000000;
7/13/2018;24.53000000000;
7/14/2018;24.55000000000;
7/15/2018;24.55000000000;
7/16/2018;24.55000000000;
7/17/2018;24.61000000000;
7/18/2018;24.64000000000;
7/19/2018;24.67000000000;
7/20/2018;24.70000000000;
7/21/2018;24.73000000000;
7/22/2018;24.73000000000;
7/23/2018;24.73000000000;
7/24/2018;24.82000000000;
7/25/2018;24.85000000000;
7/26/2018;24.88000000000;
7/27/2018;24.90000000000;
7/28/2018;24.93000000000;
7/29/2018;24.93000000000;
7/30/2018;24.93000000000;
7/31/2018;25.02000000000;
8/1/2018;25.05000000000;
8/2/2018;25.08000000000;
8/3/2018;25.11000000000;
8/4/2018;25.14000000000;
8/5/2018;25.14000000000;
8/6/2018;25.14000000000;
8/7/2018;25.23000000000;
8/8/2018;25.26000000000;
8/9/2018;25.29000000000;
8/10/2018;25.32000000000;
8/11/2018;25.35000000000;
8/12/2018;25.35000000000;
8/13/2018;25.35000000000;
8/14/2018;25.44000000000;
8/15/2018;25.47000000000;
8/16/2018;25.50000000000;
8/17/2018;25.52000000000;
8/18/2018;25.55000000000;
8/19/2018;25.55000000000;
8/20/2018;25.55000000000;
8/21/2018;25.55000000000;
8/22/2018;25.65000000000;
8/23/2018;25.67000000000;
8/24/2018;25.70000000000;
8/25/2018;25.72000000000;
8/26/2018;25.72000000000;
8/27/2018;25.72000000000;
8/28/2018;25.80000000000;
8/29/2018;25.82000000000;
8/30/2018;25.85000000000;
8/31/2018;25.87000000000;
9/1/2018;25.90000000000;
9/2/2018;25.90000000000;
9/3/2018;25.90000000000;
9/4/2018;25.98000000000;
9/5/2018;26.00000000000;
9/6/2018;26.03000000000;
9/7/2018;26.05000000000;
9/8/2018;26.08000000000;
9/9/2018;26.08000000000;
9/10/2018;26.08000000000;
9/11/2018;26.16000000000;
9/12/2018;26.18000000000;
9/13/2018;26.21000000000;
9/14/2018;26.23000000000;
9/15/2018;26.26000000000;
9/16/2018;26.26000000000;
9/17/2018;26.26000000000;
9/18/2018;26.35000000000;
9/19/2018;26.39000000000;
9/20/2018;26.42000000000;
9/21/2018;26.45000000000;
9/22/2018;26.49000000000;
9/23/2018;26.49000000000;
9/24/2018;26.49000000000;
9/25/2018;26.59000000000;
9/26/2018;26.62000000000;
9/27/2018;26.66000000000;
9/28/2018;26.69000000000;
9/29/2018;26.73000000000;
9/30/2018;26.73000000000;
10/1/2018;26.73000000000;
10/2/2018;26.83000000000;
10/3/2018;26.86000000000;
10/4/2018;26.90000000000;
10/5/2018;26.93000000000;
10/6/2018;26.96000000000;
10/7/2018;26.96000000000;
10/8/2018;26.96000000000;
10/9/2018;27.07000000000;
10/10/2018;27.10000000000;
10/11/2018;27.14000000000;
10/12/2018;27.17000000000;
10/13/2018;27.21000000000;
10/14/2018;27.21000000000;
10/15/2018;27.21000000000;
10/16/2018;27.21000000000;
10/17/2018;27.37000000000;
10/18/2018;27.42000000000;
10/19/2018;27.48000000000;
10/20/2018;27.53000000000;
10/21/2018;27.53000000000;
10/22/2018;27.53000000000;
10/23/2018;27.70000000000;
10/24/2018;27.76000000000;
10/25/2018;27.81000000000;
10/26/2018;27.87000000000;
10/27/2018;27.93000000000;
10/28/2018;27.93000000000;
10/29/2018;27.93000000000;
10/30/2018;28.10000000000;
10/31/2018;28.16000000000;
11/1/2018;28.21000000000;
11/2/2018;28.27000000000;
11/3/2018;28.33000000000;
11/4/2018;28.33000000000;
11/5/2018;28.33000000000;
11/6/2018;28.50000000000;
11/7/2018;28.50000000000;
11/8/2018;28.62000000000;
11/9/2018;28.68000000000;
11/10/2018;28.73000000000;
11/11/2018;28.73000000000;
11/12/2018;28.73000000000;
11/13/2018;28.91000000000;
11/14/2018;28.97000000000;
11/15/2018;29.03000000000;
11/16/2018;29.09000000000;
11/17/2018;29.14000000000;
11/18/2018;29.14000000000;
11/19/2018;29.14000000000;
11/20/2018;29.14000000000;
11/21/2018;29.34000000000;
11/22/2018;29.39000000000;
11/23/2018;29.45000000000;
11/24/2018;29.50000000000;
11/25/2018;29.50000000000;
11/26/2018;29.50000000000;
11/27/2018;29.65000000000;
11/28/2018;29.70000000000;
11/29/2018;29.76000000000;
11/30/2018;29.81000000000;
12/1/2018;29.81000000000;
12/2/2018;29.81000000000;
12/3/2018;29.81000000000;
12/4/2018;30.02000000000;
12/5/2018;30.07000000000;
12/6/2018;30.12000000000;
12/7/2018;30.18000000000;
12/8/2018;30.23000000000;
12/9/2018;30.23000000000;
12/10/2018;30.23000000000;
12/11/2018;30.39000000000;
12/12/2018;30.44000000000;
12/13/2018;30.50000000000;
12/14/2018;30.55000000000;
12/15/2018;30.60000000000;
12/16/2018;30.60000000000;
12/17/2018;30.60000000000;
12/18/2018;30.72000000000;
12/19/2018;30.75000000000;
12/20/2018;30.78000000000;
12/21/2018;30.81000000000;
12/22/2018;30.84000000000;
12/23/2018;30.84000000000;
12/24/2018;30.84000000000;
12/25/2018;30.84000000000;
12/26/2018;30.84000000000;
12/27/2018;31.00000000000;
12/28/2018;31.03000000000;
12/29/2018;31.06000000000;
12/30/2018;31.06000000000;
12/31/2018;31.06000000000;
1/1/2019;31.06000000000;
1/2/2019;31.06000000000;
1/3/2019;31.22000000000;
1/4/2019;31.25000000000;
1/5/2019;31.29000000000;
1/6/2019;31.29000000000;
1/7/2019;31.29000000000;
1/8/2019;31.38000000000;
1/9/2019;31.41000000000;
1/10/2019;31.45000000000;
1/11/2019;31.48000000000;
1/12/2019;31.51000000000;
1/13/2019;31.51000000000;
1/14/2019;31.51000000000;
1/15/2019;31.61000000000;
1/16/2019;31.64000000000;
1/17/2019;31.66000000000;
1/18/2019;31.69000000000;
1/19/2019;31.72000000000;
1/20/2019;31.72000000000;
1/21/2019;31.72000000000;
1/22/2019;31.80000000000;
1/23/2019;31.82000000000;
1/24/2019;31.85000000000;
1/25/2019;31.87000000000;
1/26/2019;31.90000000000;
1/27/2019;31.90000000000;
1/28/2019;31.90000000000;
1/29/2019;31.98000000000;
1/30/2019;32.01000000000;
1/31/2019;32.03000000000;
2/1/2019;32.06000000000;
2/2/2019;32.09000000000;
2/3/2019;32.09000000000;
2/4/2019;32.09000000000;
2/5/2019;32.17000000000;
2/6/2019;32.19000000000;
2/7/2019;32.22000000000;
2/8/2019;32.25000000000;
2/9/2019;32.27000000000;
2/10/2019;32.27000000000;
2/11/2019;32.27000000000;
2/12/2019;32.35000000000;
2/13/2019;32.38000000000;
2/14/2019;32.41000000000;
2/15/2019;32.43000000000;
2/16/2019;32.46000000000;
2/17/2019;32.46000000000;
2/18/2019;32.46000000000;
2/19/2019;32.56000000000;
2/20/2019;32.59000000000;
2/21/2019;32.63000000000;
2/22/2019;32.66000000000;
2/23/2019;32.69000000000;
2/24/2019;32.69000000000;
2/25/2019;32.69000000000;
2/26/2019;32.79000000000;
2/27/2019;32.83000000000;
2/28/2019;32.86000000000;
3/1/2019;32.89000000000;
3/2/2019;32.93000000000;
3/3/2019;32.93000000000;
3/4/2019;32.93000000000;
3/5/2019;32.93000000000;
3/6/2019;32.93000000000;
3/7/2019;33.10000000000;
3/8/2019;33.13000000000;
3/9/2019;33.16000000000;
3/10/2019;33.16000000000;
3/11/2019;33.16000000000;
3/12/2019;33.27000000000;
3/13/2019;33.30000000000;
3/14/2019;33.33000000000;
3/15/2019;33.37000000000;
3/16/2019;33.40000000000;
3/17/2019;33.40000000000;
3/18/2019;33.40000000000;
3/19/2019;33.52000000000;
3/20/2019;33.56000000000;
3/21/2019;33.60000000000;
3/22/2019;33.64000000000;
3/23/2019;33.68000000000;
3/24/2019;33.68000000000;
3/25/2019;33.68000000000;
3/26/2019;33.81000000000;
3/27/2019;33.85000000000;
3/28/2019;33.89000000000;
3/29/2019;33.93000000000;
3/30/2019;33.97000000000;
3/31/2019;33.97000000000;
4/1/2019;33.97000000000;
4/2/2019;34.09000000000;
4/3/2019;34.09000000000;
4/4/2019;34.17000000000;
4/5/2019;34.22000000000;
4/6/2019;34.26000000000;
4/7/2019;34.26000000000;
4/8/2019;34.26000000000;
4/9/2019;34.38000000000;
4/10/2019;34.42000000000;
4/11/2019;34.46000000000;
4/12/2019;34.50000000000;
4/13/2019;34.55000000000;
4/14/2019;34.55000000000;
4/15/2019;34.55000000000;
4/16/2019;34.67000000000;
4/17/2019;34.72000000000;
4/18/2019;34.78000000000;
4/19/2019;34.78000000000;
4/20/2019;34.78000000000;
4/21/2019;34.78000000000;
4/22/2019;34.78000000000;
4/23/2019;35.04000000000;
4/24/2019;35.10000000000;
4/25/2019;35.15000000000;
4/26/2019;35.21000000000;
4/27/2019;35.26000000000;
4/28/2019;35.26000000000;
4/29/2019;35.26000000000;
4/30/2019;35.42000000000;
5/1/2019;35.48000000000;
5/2/2019;35.48000000000;
5/3/2019;35.59000000000;
5/4/2019;35.64000000000;
5/5/2019;35.64000000000;
5/6/2019;35.64000000000;
5/7/2019;35.80000000000;
5/8/2019;35.86000000000;
5/9/2019;35.91000000000;
5/10/2019;35.97000000000;
5/11/2019;36.02000000000;
5/12/2019;36.02000000000;
5/13/2019;36.02000000000;
5/14/2019;36.19000000000;
5/15/2019;36.25000000000;
5/16/2019;36.30000000000;
5/17/2019;36.34000000000;
5/18/2019;36.38000000000;
5/19/2019;36.38000000000;
5/20/2019;36.38000000000;
5/21/2019;36.50000000000;
5/22/2019;36.54000000000;
5/23/2019;36.58000000000;
5/24/2019;36.62000000000;
5/25/2019;36.65000000000;
5/26/2019;36.65000000000;
5/27/2019;36.65000000000;
5/28/2019;36.77000000000;
5/29/2019;36.81000000000;
5/30/2019;36.85000000000;
5/31/2019;36.89000000000;
6/1/2019;36.93000000000;
6/2/2019;36.93000000000;
6/3/2019;36.93000000000;
6/4/2019;37.05000000000;
6/5/2019;37.09000000000;
6/6/2019;37.13000000000;
6/7/2019;37.17000000000;
6/8/2019;37.21000000000;
6/9/2019;37.21000000000;
6/10/2019;37.21000000000;
6/11/2019;37.33000000000;
6/12/2019;37.37000000000;
6/13/2019;37.41000000000;
6/14/2019;37.45000000000;
6/15/2019;37.49000000000;
6/16/2019;37.49000000000;
6/17/2019;37.49000000000;
6/18/2019;37.49000000000;
6/19/2019;37.65000000000;
6/20/2019;37.69000000000;
6/21/2019;37.69000000000;
6/22/2019;37.76000000000;
6/23/2019;37.76000000000;
6/24/2019;37.76000000000;
6/25/2019;37.88000000000;
6/26/2019;37.92000000000;
6/27/2019;37.96000000000;
6/28/2019;38.00000000000;
6/29/2019;38.03000000000;
6/30/2019;38.03000000000;
7/1/2019;38.03000000000;
7/2/2019;38.15000000000;
7/3/2019;38.19000000000;
7/4/2019;38.23000000000;
7/5/2019;38.27000000000;
7/6/2019;38.31000000000;
7/7/2019;38.31000000000;
7/8/2019;38.31000000000;
7/9/2019;38.31000000000;
7/10/2019;38.31000000000;
7/11/2019;38.50000000000;
7/12/2019;38.54000000000;
7/13/2019;38.58000000000;
7/14/2019;38.58000000000;
7/15/2019;38.58000000000;
7/16/2019;38.70000000000;
7/17/2019;38.73000000000;
7/18/2019;38.76000000000;
7/19/2019;38.80000000000;
7/20/2019;38.83000000000;
7/21/2019;38.83000000000;
7/22/2019;38.83000000000;
7/23/2019;38.93000000000;
7/24/2019;38.97000000000;
7/25/2019;39.00000000000;
7/26/2019;39.03000000000;
7/27/2019;39.07000000000;
7/28/2019;39.07000000000;
7/29/2019;39.07000000000;
7/30/2019;39.17000000000;
7/31/2019;39.20000000000;
8/1/2019;39.23000000000;
8/2/2019;39.27000000000;
8/3/2019;39.30000000000;
8/4/2019;39.30000000000;
8/5/2019;39.30000000000;
8/6/2019;39.40000000000;
8/7/2019;39.44000000000;
8/8/2019;39.47000000000;
8/9/2019;39.50000000000;
8/10/2019;39.54000000000;
8/11/2019;39.54000000000;
8/12/2019;39.54000000000;
8/13/2019;39.64000000000;
8/14/2019;39.67000000000;
8/15/2019;39.71000000000;
8/16/2019;39.74000000000;
8/17/2019;39.77000000000;
8/18/2019;39.77000000000;
8/19/2019;39.77000000000;
8/20/2019;39.77000000000;
8/21/2019;39.88000000000;
8/22/2019;39.91000000000;
8/23/2019;39.94000000000;
8/24/2019;39.97000000000;
8/25/2019;39.97000000000;
8/26/2019;39.97000000000;
8/27/2019;40.05000000000;
8/28/2019;40.08000000000;
8/29/2019;40.11000000000;
8/30/2019;40.14000000000;
8/31/2019;40.16000000000;
9/1/2019;40.16000000000;
9/2/2019;40.16000000000;
9/3/2019;40.25000000000;
9/4/2019;40.28000000000;
9/5/2019;40.31000000000;
9/6/2019;40.33000000000;
9/7/2019;40.36000000000;
9/8/2019;40.36000000000;
9/9/2019;40.36000000000;
9/10/2019;40.45000000000;
9/11/2019;40.48000000000;
9/12/2019;40.50000000000;
9/13/2019;40.53000000000;
9/14/2019;40.56000000000;
9/15/2019;40.56000000000;
9/16/2019;40.56000000000;
9/17/2019;40.67000000000;
9/18/2019;40.72000000000;
9/19/2019;40.78000000000;
9/20/2019;40.83000000000;
9/21/2019;40.88000000000;
9/22/2019;40.88000000000;
9/23/2019;40.88000000000;
9/24/2019;41.04000000000;
9/25/2019;41.10000000000;
9/26/2019;41.15000000000;
9/27/2019;41.21000000000;
9/28/2019;41.26000000000;
9/29/2019;41.26000000000;
9/30/2019;41.26000000000;
10/1/2019;41.42000000000;
10/2/2019;41.48000000000;
10/3/2019;41.53000000000;
10/4/2019;41.58000000000;
10/5/2019;41.64000000000;
10/6/2019;41.64000000000;
10/7/2019;41.64000000000;
10/8/2019;41.80000000000;
10/9/2019;41.86000000000;
10/10/2019;41.91000000000;
10/11/2019;41.97000000000;
10/12/2019;42.02000000000;
10/13/2019;42.02000000000;
10/14/2019;42.02000000000;
10/15/2019;42.02000000000;
10/16/2019;42.24000000000;
10/17/2019;42.32000000000;
10/18/2019;42.40000000000;
10/19/2019;42.48000000000;
10/20/2019;42.48000000000;
10/21/2019;42.48000000000;
10/22/2019;42.71000000000;
10/23/2019;42.79000000000;
10/24/2019;42.87000000000;
10/25/2019;42.95000000000;
10/26/2019;43.03000000000;
10/27/2019;43.03000000000;
10/28/2019;43.03000000000;
10/29/2019;43.27000000000;
10/30/2019;43.35000000000;
10/31/2019;43.43000000000;
11/1/2019;43.51000000000;
11/2/2019;43.59000000000;
11/3/2019;43.59000000000;
11/4/2019;43.59000000000;
11/5/2019;43.83000000000;
11/6/2019;43.91000000000;
11/7/2019;43.91000000000;
11/8/2019;44.08000000000;
11/9/2019;44.16000000000;
11/10/2019;44.16000000000;
11/11/2019;44.16000000000;
11/12/2019;44.40000000000;
11/13/2019;44.49000000000;
11/14/2019;44.57000000000;
11/15/2019;44.65000000000;
11/16/2019;44.73000000000;
11/17/2019;44.73000000000;
11/18/2019;44.73000000000;
11/19/2019;44.73000000000;
11/20/2019;44.93000000000;
11/21/2019;44.98000000000;
11/22/2019;45.03000000000;
11/23/2019;45.07000000000;
11/24/2019;45.07000000000;
11/25/2019;45.07000000000;
11/26/2019;45.22000000000;
11/27/2019;45.27000000000;
11/28/2019;45.32000000000;
11/29/2019;45.37000000000;
11/30/2019;45.42000000000;
12/1/2019;45.42000000000;
12/2/2019;45.42000000000;
12/3/2019;45.57000000000;
12/4/2019;45.61000000000;
12/5/2019;45.66000000000;
12/6/2019;45.71000000000;
12/7/2019;45.76000000000;
12/8/2019;45.76000000000;
12/9/2019;45.76000000000;
12/10/2019;45.91000000000;
12/11/2019;45.96000000000;
12/12/2019;46.01000000000;
12/13/2019;46.06000000000;
12/14/2019;46.11000000000;
12/15/2019;46.11000000000;
12/16/2019;46.11000000000;
12/17/2019;46.27000000000;
12/18/2019;46.34000000000;
12/19/2019;46.40000000000;
12/20/2019;46.46000000000;
12/21/2019;46.53000000000;
12/22/2019;46.53000000000;
12/23/2019;46.53000000000;
12/24/2019;46.72000000000;
12/25/2019;46.78000000000;
12/26/2019;46.78000000000;
12/27/2019;46.91000000000;
12/28/2019;46.97000000000;
12/29/2019;46.97000000000;
12/30/2019;46.97000000000;
12/31/2019;47.16000000000;
1/1/2020;47.23000000000;
1/2/2020;47.23000000000;
1/3/2020;47.35000000000;
1/4/2020;47.42000000000;
1/5/2020;47.42000000000;
1/6/2020;47.42000000000;
1/7/2020;47.61000000000;
1/8/2020;47.68000000000;
1/9/2020;47.74000000000;
1/10/2020;47.81000000000;
1/11/2020;47.87000000000;
1/12/2020;47.87000000000;
1/13/2020;47.87000000000;
1/14/2020;48.07000000000;
1/15/2020;48.13000000000;
1/16/2020;48.20000000000;
1/17/2020;48.25000000000;
1/18/2020;48.31000000000;
1/19/2020;48.31000000000;
1/20/2020;48.31000000000;
1/21/2020;48.48000000000;
1/22/2020;48.54000000000;
1/23/2020;48.59000000000;
1/24/2020;48.65000000000;
1/25/2020;48.71000000000;
1/26/2020;48.71000000000;
1/27/2020;48.71000000000;
1/28/2020;48.88000000000;
1/29/2020;48.94000000000;
1/30/2020;49.00000000000;
1/31/2020;49.05000000000;
2/1/2020;49.11000000000;
2/2/2020;49.11000000000;
2/3/2020;49.11000000000;
2/4/2020;49.28000000000;
2/5/2020;49.34000000000;
2/6/2020;49.40000000000;
2/7/2020;49.46000000000;
2/8/2020;49.51000000000;
2/9/2020;49.51000000000;
2/10/2020;49.51000000000;
2/11/2020;49.69000000000;
2/12/2020;49.75000000000;
2/13/2020;49.81000000000;
2/14/2020;49.86000000000;
2/15/2020;49.92000000000;
2/16/2020;49.92000000000;
2/17/2020;49.92000000000;
2/18/2020;50.06000000000;
2/19/2020;50.10000000000;
2/20/2020;50.14000000000;
2/21/2020;50.18000000000;
2/22/2020;50.22000000000;
2/23/2020;50.22000000000;
2/24/2020;50.22000000000;
2/25/2020;50.22000000000;
2/26/2020;50.22000000000;
2/27/2020;50.41000000000;
2/28/2020;50.45000000000;
2/29/2020;50.49000000000;
3/1/2020;50.49000000000;
3/2/2020;50.49000000000;
3/3/2020;50.61000000000;
3/4/2020;50.65000000000;
3/5/2020;50.69000000000;
3/6/2020;50.73000000000;
3/7/2020;50.77000000000;
3/8/2020;50.77000000000;
3/9/2020;50.77000000000;
3/10/2020;50.89000000000;
3/11/2020;50.93000000000;
3/12/2020;50.97000000000;
3/13/2020;51.01000000000;
3/14/2020;51.05000000000;
3/15/2020;51.05000000000;
3/16/2020;51.05000000000;
3/17/2020;51.16000000000;
3/18/2020;51.20000000000;
3/19/2020;51.23000000000;
3/20/2020;51.26000000000;
3/21/2020;51.29000000000;
3/22/2020;51.29000000000;
3/23/2020;51.29000000000;
3/24/2020;51.29000000000;
3/25/2020;51.29000000000;
3/26/2020;51.46000000000;
3/27/2020;51.49000000000;
3/28/2020;51.52000000000;
3/29/2020;51.52000000000;
3/30/2020;51.52000000000;
3/31/2020;51.62000000000;
4/1/2020;51.66000000000;
4/2/2020;51.69000000000;
4/3/2020;51.69000000000;
4/4/2020;51.76000000000;
4/5/2020;51.76000000000;
4/6/2020;51.76000000000;
4/7/2020;51.85000000000;
4/8/2020;51.89000000000;
4/9/2020;51.92000000000;
4/10/2020;51.92000000000;
4/11/2020;51.92000000000;
4/12/2020;51.92000000000;
4/13/2020;51.92000000000;
4/14/2020;52.09000000000;
4/15/2020;52.12000000000;
4/16/2020;52.15000000000;
4/17/2020;52.21000000000;
4/18/2020;52.27000000000;
4/19/2020;52.27000000000;
4/20/2020;52.27000000000;
4/21/2020;52.44000000000;
4/22/2020;52.49000000000;
4/23/2020;52.55000000000;
4/24/2020;52.61000000000;
4/25/2020;52.66000000000;
4/26/2020;52.66000000000;
4/27/2020;52.66000000000;
4/28/2020;52.84000000000;
4/29/2020;52.89000000000;
4/30/2020;52.95000000000;
5/1/2020;53.01000000000;
5/2/2020;53.01000000000;
5/3/2020;53.01000000000;
5/4/2020;53.01000000000;
5/5/2020;53.24000000000;
5/6/2020;53.29000000000;
5/7/2020;53.35000000000;
5/8/2020;53.41000000000;
5/9/2020;53.47000000000;
5/10/2020;53.47000000000;
5/11/2020;53.47000000000;
5/12/2020;53.64000000000;
5/13/2020;53.70000000000;
5/14/2020;53.76000000000;
5/15/2020;53.82000000000;
5/16/2020;53.87000000000;
5/17/2020;53.87000000000;
5/18/2020;53.87000000000;
5/19/2020;53.95000000000;
5/20/2020;53.98000000000;
5/21/2020;54.00000000000;
5/22/2020;54.03000000000;
5/23/2020;54.06000000000;
5/24/2020;54.06000000000;
5/25/2020;54.06000000000;
5/26/2020;54.06000000000;
5/27/2020;54.16000000000;
5/28/2020;54.19000000000;
5/29/2020;54.21000000000;
5/30/2020;54.24000000000;
5/31/2020;54.24000000000;
6/1/2020;54.24000000000;
6/2/2020;54.32000000000;
6/3/2020;54.34000000000;
6/4/2020;54.37000000000;
6/5/2020;54.39000000000;
6/6/2020;54.42000000000;
6/7/2020;54.42000000000;
6/8/2020;54.42000000000;
6/9/2020;54.50000000000;
6/10/2020;54.53000000000;
6/11/2020;54.55000000000;
6/12/2020;54.58000000000;
6/13/2020;54.60000000000;
6/14/2020;54.60000000000;
6/15/2020;54.60000000000;
6/16/2020;54.60000000000;
6/17/2020;54.71000000000;
6/18/2020;54.74000000000;
6/19/2020;54.76000000000;
6/20/2020;54.79000000000;
6/21/2020;54.79000000000;
6/22/2020;54.79000000000;
6/23/2020;54.87000000000;
6/24/2020;54.90000000000;
6/25/2020;54.93000000000;
6/26/2020;54.95000000000;
6/27/2020;54.98000000000;
6/28/2020;54.98000000000;
6/29/2020;54.98000000000;
6/30/2020;55.06000000000;
7/1/2020;55.09000000000;
7/2/2020;55.12000000000;
7/3/2020;55.15000000000;
7/4/2020;55.17000000000;
7/5/2020;55.17000000000;
7/6/2020;55.17000000000;
7/7/2020;55.26000000000;
7/8/2020;55.28000000000;
7/9/2020;55.31000000000;
7/10/2020;55.31000000000;
7/11/2020;55.31000000000;
7/12/2020;55.31000000000;
7/13/2020;55.31000000000;
7/14/2020;55.45000000000;
7/15/2020;55.48000000000;
7/16/2020;55.50000000000;
7/17/2020;55.54000000000;
7/18/2020;55.58000000000;
7/19/2020;55.58000000000;
7/20/2020;55.58000000000;
7/21/2020;55.70000000000;
7/22/2020;55.74000000000;
7/23/2020;55.78000000000;
7/24/2020;55.82000000000;
7/25/2020;55.85000000000;
7/26/2020;55.85000000000;
7/27/2020;55.85000000000;
7/28/2020;55.97000000000;
7/29/2020;56.01000000000;
7/30/2020;56.05000000000;
7/31/2020;56.09000000000;
8/1/2020;56.13000000000;
8/2/2020;56.13000000000;
8/3/2020;56.13000000000;
8/4/2020;56.25000000000;
8/5/2020;56.29000000000;
8/6/2020;56.33000000000;
8/7/2020;56.37000000000;
8/8/2020;56.41000000000;
8/9/2020;56.41000000000;
8/10/2020;56.41000000000;
8/11/2020;56.53000000000;
8/12/2020;56.56000000000;
8/13/2020;56.60000000000;
8/14/2020;56.64000000000;
8/15/2020;56.68000000000;
8/16/2020;56.68000000000;
8/17/2020;56.68000000000;
8/18/2020;56.68000000000;
8/19/2020;56.83000000000;
8/20/2020;56.86000000000;
8/21/2020;56.90000000000;
8/22/2020;56.93000000000;
8/23/2020;56.93000000000;
8/24/2020;56.93000000000;
8/25/2020;57.03000000000;
8/26/2020;57.07000000000;
8/27/2020;57.10000000000;
8/28/2020;57.14000000000;
8/29/2020;57.17000000000;
8/30/2020;57.17000000000;
8/31/2020;57.17000000000;
9/1/2020;57.28000000000;
9/2/2020;57.31000000000;
9/3/2020;57.35000000000;
9/4/2020;57.38000000000;
9/5/2020;57.42000000000;
9/6/2020;57.42000000000;
9/7/2020;57.42000000000;
9/8/2020;57.52000000000;
9/9/2020;57.56000000000;
9/10/2020;57.59000000000;
9/11/2020;57.63000000000;
9/12/2020;57.66000000000;
9/13/2020;57.66000000000;
9/14/2020;57.66000000000;
9/15/2020;57.77000000000;
9/16/2020;57.80000000000;
9/17/2020;57.85000000000;
9/18/2020;57.90000000000;
9/19/2020;57.96000000000;
9/20/2020;57.96000000000;
9/21/2020;57.96000000000;
9/22/2020;58.11000000000;
9/23/2020;58.16000000000;
9/24/2020;58.21000000000;
9/25/2020;58.27000000000;
9/26/2020;58.32000000000;
9/27/2020;58.32000000000;
9/28/2020;58.32000000000;
9/29/2020;58.47000000000;
9/30/2020;58.52000000000;
10/1/2020;58.58000000000;
10/2/2020;58.63000000000;
10/3/2020;58.68000000000;
10/4/2020;58.68000000000;
10/5/2020;58.68000000000;
10/6/2020;58.84000000000;
10/7/2020;58.89000000000;
10/8/2020;58.94000000000;
10/9/2020;58.99000000000;
10/10/2020;59.05000000000;
10/11/2020;59.05000000000;
10/12/2020;59.05000000000;
10/13/2020;59.05000000000;
10/14/2020;59.26000000000;
10/15/2020;59.31000000000;
10/16/2020;59.36000000000;
10/17/2020;59.42000000000;
10/18/2020;59.42000000000;
10/19/2020;59.42000000000;
10/20/2020;59.57000000000;
10/21/2020;59.63000000000;
10/22/2020;59.68000000000;
10/23/2020;59.73000000000;
10/24/2020;59.79000000000;
10/25/2020;59.79000000000;
10/26/2020;59.79000000000;
10/27/2020;59.95000000000;
10/28/2020;60.00000000000;
10/29/2020;60.05000000000;
10/30/2020;60.11000000000;
10/31/2020;60.16000000000;
11/1/2020;60.16000000000;
11/2/2020;60.16000000000;
11/3/2020;60.32000000000;
11/4/2020;60.38000000000;
11/5/2020;60.43000000000;
11/6/2020;60.48000000000;
11/7/2020;60.48000000000;
11/8/2020;60.48000000000;
11/9/2020;60.48000000000;
11/10/2020;60.70000000000;
11/11/2020;60.75000000000;
11/12/2020;60.81000000000;
11/13/2020;60.86000000000;
11/14/2020;60.92000000000;
11/15/2020;60.92000000000;
11/16/2020;60.92000000000;
11/17/2020;61.10000000000;
11/18/2020;61.18000000000;
11/19/2020;61.25000000000;
11/20/2020;61.33000000000;
11/21/2020;61.40000000000;
11/22/2020;61.40000000000;
11/23/2020;61.40000000000;
11/24/2020;61.40000000000;
11/25/2020;61.71000000000;
11/26/2020;61.79000000000;
11/27/2020;61.86000000000;
11/28/2020;61.94000000000;
11/29/2020;61.94000000000;
11/30/2020;61.94000000000;
12/1/2020;62.17000000000;
12/2/2020;62.25000000000;
12/3/2020;62.33000000000;
12/4/2020;62.41000000000;
12/5/2020;62.48000000000;
12/6/2020;62.48000000000;
12/7/2020;62.48000000000;
12/8/2020;62.48000000000;
12/9/2020;62.48000000000;
12/10/2020;62.87000000000;
12/11/2020;62.95000000000;
12/12/2020;63.03000000000;
12/13/2020;63.03000000000;
12/14/2020;63.03000000000;
12/15/2020;63.26000000000;
12/16/2020;63.34000000000;
12/17/2020;63.41000000000;
12/18/2020;63.47000000000;
12/19/2020;63.54000000000;
12/20/2020;63.54000000000;
12/21/2020;63.54000000000;
12/22/2020;63.73000000000;
12/23/2020;63.80000000000;
12/24/2020;63.86000000000;
12/25/2020;63.93000000000;
12/26/2020;63.93000000000;
12/27/2020;63.93000000000;
12/28/2020;63.93000000000;
12/29/2020;64.19000000000;
12/30/2020;64.25000000000;
12/31/2020;64.32000000000;
1/1/2021;64.38000000000;
1/2/2021;64.38000000000;
1/3/2021;64.38000000000;
1/4/2021;64.38000000000;
1/5/2021;64.64000000000;
1/6/2021;64.71000000000;
1/7/2021;64.78000000000;
1/8/2021;64.84000000000;
1/9/2021;64.91000000000;
1/10/2021;64.91000000000;
1/11/2021;64.91000000000;
1/12/2021;65.11000000000;
1/13/2021;65.17000000000;
1/14/2021;65.24000000000;
1/15/2021;65.30000000000;
1/16/2021;65.37000000000;
1/17/2021;65.37000000000;
1/18/2021;65.37000000000;
1/19/2021;65.62000000000;
1/20/2021;65.70000000000;
1/21/2021;65.79000000000;
1/22/2021;65.87000000000;
1/23/2021;65.95000000000;
1/24/2021;65.95000000000;
1/25/2021;65.95000000000;
1/26/2021;66.20000000000;
1/27/2021;66.29000000000;
1/28/2021;66.37000000000;
1/29/2021;66.45000000000;
1/30/2021;66.54000000000;
1/31/2021;66.54000000000;
2/1/2021;66.54000000000;
2/2/2021;66.79000000000;
2/3/2021;66.88000000000;
2/4/2021;66.96000000000;
2/5/2021;67.05000000000;
2/6/2021;67.13000000000;
2/7/2021;67.13000000000;
2/8/2021;67.13000000000;
2/9/2021;67.39000000000;
2/10/2021;67.47000000000;
2/11/2021;67.56000000000;
2/12/2021;67.64000000000;
2/13/2021;67.73000000000;
2/14/2021;67.73000000000;
2/15/2021;67.73000000000;
2/16/2021;67.73000000000;
2/17/2021;67.73000000000;
2/18/2021;68.18000000000;
2/19/2021;68.27000000000;
2/20/2021;68.37000000000;
2/21/2021;68.37000000000;
2/22/2021;68.37000000000;
2/23/2021;68.65000000000;
2/24/2021;68.75000000000;
2/25/2021;68.85000000000;
2/26/2021;68.94000000000;
2/27/2021;69.04000000000;
2/28/2021;69.04000000000;
3/1/2021;69.04000000000;
3/2/2021;69.33000000000;
3/3/2021;69.43000000000;
3/4/2021;69.53000000000;
3/5/2021;69.62000000000;
3/6/2021;69.72000000000;
3/7/2021;69.72000000000;
3/8/2021;69.72000000000;
3/9/2021;70.01000000000;
3/10/2021;70.11000000000;
3/11/2021;70.21000000000;
3/12/2021;70.31000000000;
3/13/2021;70.41000000000;
3/14/2021;70.41000000000;
3/15/2021;70.41000000000;
3/16/2021;70.70000000000;
3/17/2021;70.79000000000;
3/18/2021;70.87000000000;
3/19/2021;70.95000000000;
3/20/2021;71.03000000000;
3/21/2021;71.03000000000;
3/22/2021;71.03000000000;
3/23/2021;71.27000000000;
3/24/2021;71.35000000000;
3/25/2021;71.35000000000;
3/26/2021;71.52000000000;
3/27/2021;71.60000000000;
3/28/2021;71.60000000000;
3/29/2021;71.60000000000;
3/30/2021;71.84000000000;
3/31/2021;71.92000000000;
4/1/2021;72.01000000000;
4/2/2021;72.01000000000;
4/3/2021;72.01000000000;
4/4/2021;72.01000000000;
4/5/2021;72.01000000000;
4/6/2021;72.42000000000;
4/7/2021;72.50000000000;
4/8/2021;72.58000000000;
4/9/2021;72.67000000000;
4/10/2021;72.75000000000;
4/11/2021;72.75000000000;
4/12/2021;72.75000000000;
4/13/2021;73.00000000000;
4/14/2021;73.08000000000;
4/15/2021;73.17000000000;
4/16/2021;73.25000000000;
4/17/2021;73.36000000000;
4/18/2021;73.36000000000;
4/19/2021;73.36000000000;
4/20/2021;73.71000000000;
4/21/2021;73.82000000000;
4/22/2021;73.94000000000;
4/23/2021;74.06000000000;
4/24/2021;74.17000000000;
4/25/2021;74.17000000000;
4/26/2021;74.17000000000;
4/27/2021;74.52000000000;
4/28/2021;74.64000000000;
4/29/2021;74.75000000000;
4/30/2021;74.87000000000;
5/1/2021;74.99000000000;
5/2/2021;74.99000000000;
5/3/2021;74.99000000000;
5/4/2021;75.34000000000;
5/5/2021;75.46000000000;
5/6/2021;75.58000000000;
5/7/2021;75.69000000000;
5/8/2021;75.81000000000;
5/9/2021;75.81000000000;
5/10/2021;75.81000000000;
5/11/2021;76.17000000000;
5/12/2021;76.29000000000;
5/13/2021;76.41000000000;
5/14/2021;76.53000000000;
5/15/2021;76.65000000000;
5/16/2021;76.65000000000;
5/17/2021;76.65000000000;
5/18/2021;76.97000000000;
5/19/2021;77.06000000000;
5/20/2021;77.16000000000;
5/21/2021;77.26000000000;
5/22/2021;77.37000000000;
5/23/2021;77.37000000000;
5/24/2021;77.37000000000;
5/25/2021;77.37000000000;
5/26/2021;77.37000000000;
5/27/2021;77.87000000000;
5/28/2021;77.97000000000;
5/29/2021;78.07000000000;
5/30/2021;78.07000000000;
5/31/2021;78.07000000000;
6/1/2021;78.37000000000;
6/2/2021;78.48000000000;
6/3/2021;78.58000000000;
6/4/2021;78.68000000000;
6/5/2021;78.78000000000;
6/6/2021;78.78000000000;
6/7/2021;78.78000000000;
6/8/2021;79.09000000000;
6/9/2021;79.19000000000;
6/10/2021;79.29000000000;
6/11/2021;79.40000000000;
6/12/2021;79.50000000000;
6/13/2021;79.50000000000;
6/14/2021;79.50000000000;
6/15/2021;79.81000000000;
6/16/2021;79.91000000000;
6/17/2021;80.00000000000;
6/18/2021;80.09000000000;
6/19/2021;80.17000000000;
6/20/2021;80.17000000000;
6/21/2021;80.17000000000;
6/22/2021;80.17000000000;
6/23/2021;80.52000000000;
6/24/2021;80.61000000000;
6/25/2021;80.70000000000;
6/26/2021;80.78000000000;
6/27/2021;80.78000000000;
6/28/2021;80.78000000000;
6/29/2021;81.05000000000;
6/30/2021;81.13000000000;
7/1/2021;81.22000000000;
7/2/2021;81.31000000000;
7/3/2021;81.40000000000;
7/4/2021;81.40000000000;
7/5/2021;81.40000000000;
7/6/2021;81.66000000000;
7/7/2021;81.75000000000;
7/8/2021;81.84000000000;
7/9/2021;81.93000000000;
7/10/2021;81.93000000000;
7/11/2021;81.93000000000;
7/12/2021;81.93000000000;
7/13/2021;82.28000000000;
7/14/2021;82.37000000000;
7/15/2021;82.46000000000;
7/16/2021;82.55000000000;
7/17/2021;82.63000000000;
7/18/2021;82.63000000000;
7/19/2021;82.63000000000;
7/20/2021;82.89000000000;
7/21/2021;82.97000000000;
7/22/2021;83.06000000000;
7/23/2021;83.14000000000;
7/24/2021;83.22000000000;
7/25/2021;83.22000000000;
7/26/2021;83.22000000000;
7/27/2021;83.48000000000;
7/28/2021;83.56000000000;
7/29/2021;83.65000000000;
7/30/2021;83.73000000000;
7/31/2021;83.82000000000;
8/1/2021;83.82000000000;
8/2/2021;83.82000000000;
8/3/2021;84.07000000000;
8/4/2021;84.16000000000;
8/5/2021;84.25000000000;
8/6/2021;84.33000000000;
8/7/2021;84.42000000000;
8/8/2021;84.42000000000;
8/9/2021;84.42000000000;
8/10/2021;84.67000000000;
8/11/2021;84.76000000000;
8/12/2021;84.85000000000;
8/13/2021;84.93000000000;
8/14/2021;85.02000000000;
8/15/2021;85.02000000000;
8/16/2021;85.02000000000;
8/17/2021;85.02000000000;
8/18/2021;85.35000000000;
8/19/2021;85.44000000000;
8/20/2021;85.52000000000;
8/21/2021;85.60000000000;
8/22/2021;85.60000000000;
8/23/2021;85.60000000000;
8/24/2021;85.84000000000;
8/25/2021;85.93000000000;
8/26/2021;86.01000000000;
8/27/2021;86.09000000000;
8/28/2021;86.17000000000;
8/29/2021;86.17000000000;
8/30/2021;86.17000000000;
8/31/2021;86.42000000000;
9/1/2021;86.50000000000;
9/2/2021;86.58000000000;
9/3/2021;86.67000000000;
9/4/2021;86.75000000000;
9/5/2021;86.75000000000;
9/6/2021;86.75000000000;
9/7/2021;87.00000000000;
9/8/2021;87.08000000000;
9/9/2021;87.16000000000;
9/10/2021;87.25000000000;
9/11/2021;87.33000000000;
9/12/2021;87.33000000000;
9/13/2021;87.33000000000;
9/14/2021;87.58000000000;
9/15/2021;87.66000000000;
9/16/2021;87.75000000000;
9/17/2021;87.82000000000;
9/18/2021;87.89000000000;
9/19/2021;87.89000000000;
9/20/2021;87.89000000000;
9/21/2021;88.11000000000;
9/22/2021;88.18000000000;
9/23/2021;88.25000000000;
9/24/2021;88.33000000000;
9/25/2021;88.40000000000;
9/26/2021;88.40000000000;
9/27/2021;88.40000000000;
9/28/2021;88.62000000000;
9/29/2021;88.69000000000;
9/30/2021;88.76000000000;
10/1/2021;88.84000000000;
10/2/2021;88.91000000000;
10/3/2021;88.91000000000;
10/4/2021;88.91000000000;
10/5/2021;89.13000000000;
10/6/2021;89.20000000000;
10/7/2021;89.28000000000;
10/8/2021;89.35000000000;
10/9/2021;89.35000000000;
10/10/2021;89.35000000000;
10/11/2021;89.35000000000;
10/12/2021;89.35000000000;
10/13/2021;89.72000000000;
10/14/2021;89.79000000000;
10/15/2021;89.87000000000;
10/16/2021;89.94000000000;
10/17/2021;89.94000000000;
10/18/2021;89.94000000000;
10/19/2021;90.24000000000;
10/20/2021;90.34000000000;
10/21/2021;90.44000000000;
10/22/2021;90.54000000000;
10/23/2021;90.64000000000;
10/24/2021;90.64000000000;
10/25/2021;90.64000000000;
10/26/2021;90.95000000000;
10/27/2021;91.05000000000;
10/28/2021;91.15000000000;
10/29/2021;91.25000000000;
10/30/2021;91.35000000000;
10/31/2021;91.35000000000;
11/1/2021;91.35000000000;
11/2/2021;91.65000000000;
11/3/2021;91.76000000000;
11/4/2021;91.86000000000;
11/5/2021;91.96000000000;
11/6/2021;92.06000000000;
11/7/2021;92.06000000000;
11/8/2021;92.06000000000;
11/9/2021;92.37000000000;
11/10/2021;92.47000000000;
11/11/2021;92.57000000000;
11/12/2021;92.68000000000;
11/13/2021;92.78000000000;
11/14/2021;92.78000000000;
11/15/2021;92.78000000000;
11/16/2021;93.09000000000;
11/17/2021;93.20000000000;
11/18/2021;93.30000000000;
11/19/2021;93.41000000000;
11/20/2021;93.52000000000;
11/21/2021;93.52000000000;
11/22/2021;93.52000000000;
11/23/2021;93.52000000000;
11/24/2021;93.95000000000;
11/25/2021;94.06000000000;
11/26/2021;94.16000000000;
11/27/2021;94.27000000000;
11/28/2021;94.27000000000;
11/29/2021;94.27000000000;
11/30/2021;94.60000000000;
12/1/2021;94.70000000000;
12/2/2021;94.81000000000;
12/3/2021;94.92000000000;
12/4/2021;95.03000000000;
12/5/2021;95.03000000000;
12/6/2021;95.03000000000;
12/7/2021;95.36000000000;
12/8/2021;95.47000000000;
12/9/2021;95.47000000000;
12/10/2021;95.69000000000;
12/11/2021;95.80000000000;
12/12/2021;95.80000000000;
12/13/2021;95.80000000000;
12/14/2021;96.13000000000;
12/15/2021;96.24000000000;
12/16/2021;96.35000000000;
12/17/2021;96.42000000000;
12/18/2021;96.50000000000;
12/19/2021;96.50000000000;
12/20/2021;96.50000000000;
12/21/2021;96.73000000000;
12/22/2021;96.81000000000;
12/23/2021;96.89000000000;
12/24/2021;96.96000000000;
12/25/2021;97.04000000000;
12/26/2021;97.04000000000;
12/27/2021;97.04000000000;
12/28/2021;97.27000000000;
12/29/2021;97.35000000000;
12/30/2021;97.43000000000;
12/31/2021;97.51000000000;
1/1/2022;97.58000000000;
1/2/2022;97.58000000000;
1/3/2022;97.58000000000;
1/4/2022;97.82000000000;
1/5/2022;97.89000000000;
1/6/2022;97.97000000000;
1/7/2022;98.05000000000;
1/8/2022;98.13000000000;
1/9/2022;98.13000000000;
1/10/2022;98.13000000000;
1/11/2022;98.36000000000;
1/12/2022;98.44000000000;
1/13/2022;98.52000000000;
1/14/2022;98.60000000000;
1/15/2022;98.68000000000;
1/16/2022;98.68000000000;
1/17/2022;98.68000000000;
1/18/2022;98.99000000000;
1/19/2022;99.11000000000;
1/20/2022;99.23000000000;
1/21/2022;99.35000000000;
1/22/2022;99.47000000000;
1/23/2022;99.47000000000;
1/24/2022;99.47000000000;
1/25/2022;99.83000000000;
1/26/2022;99.95000000000;
1/27/2022;100.07000000000;
1/28/2022;100.19000000000;
1/29/2022;100.31000000000;
1/30/2022;100.31000000000;
1/31/2022;100.31000000000;
2/1/2022;100.68000000000;
2/2/2022;100.80000000000;
2/3/2022;100.92000000000;
2/4/2022;101.04000000000;
2/5/2022;101.16000000000;
2/6/2022;101.16000000000;
2/7/2022;101.16000000000;
2/8/2022;101.53000000000;
2/9/2022;101.65000000000;
2/10/2022;101.77000000000;
2/11/2022;101.89000000000;
2/12/2022;102.02000000000;
2/13/2022;102.02000000000;
2/14/2022;102.02000000000;
2/15/2022;102.39000000000;
